entity,decile,lo,hi,mean_gt,epe,zero_epe,lk_epe,est_pred_speed,est_pred_over_gt
"M1 (s0,s2)",1,0.0000,0.0097,0.0021360259948042413,0.23383033747833692,0.002137502275052058,0.04153915101799666,0.23492304307515424,110.61238260934253
"M1 (s0,s2)",2,0.0097,0.0224,0.016376379982993853,0.25808601933081077,0.016373743234280057,0.0190093753142275,0.2550114641987487,15.563086007402903
"M1 (s0,s2)",3,0.0224,0.0388,0.029443324908508837,0.2700127738057397,0.029443884368274803,0.03191658883917919,0.2666878895028865,9.052427021708658
"M1 (s0,s2)",4,0.0388,0.0765,0.05552509468677305,0.2612260077170985,0.05554912870383219,0.060424912380819505,0.25645532150324163,4.619240699790136
"M1 (s0,s2)",5,0.0765,0.1119,0.09451704760205032,0.22330635120122472,0.09453748692101756,0.08566594691078719,0.22129734648209043,2.3409220911695967
"M1 (s0,s2)",6,0.1119,0.1738,0.14110573226835227,0.24353796651619425,0.14111877699521638,0.1257621751799197,0.24523627287454633,1.7380684427357944
"M1 (s0,s2)",7,0.1738,0.2839,0.2215238953139222,0.2893861358225839,0.22156878519107948,0.19911913546755095,0.2737071374878456,1.2369167910929688
"M1 (s0,s2)",8,0.2839,0.4814,0.38129993045883925,0.4066558247583357,0.3813863279721004,0.34613659481665826,0.27349673567490285,0.7164577652475779
"M1 (s0,s2)",9,0.4814,0.8766,0.6124615160774382,0.655818154967058,0.6124544083318159,0.5477210219617841,0.30597099751256174,0.4990299373824988
"M1 (s0,s2)",10,0.8766,44.8085,3.4431050229282802,3.383877120584269,3.4428183238416277,3.1975757224881134,0.8730010569465579,0.25602209033635953
M1 s1,1,0.0000,0.0097,0.0021360259948042413,49.43464009555321,0.002137502275052058,0.04153915101799666,32.88535702008598,15483.911860391225
M1 s1,2,0.0097,0.0224,0.016376379982993853,32.52349126551657,0.016373743234280057,0.0190093753142275,36.700662411330384,2239.8034826820003
M1 s1,3,0.0224,0.0388,0.029443324908508837,61.18134262007428,0.029443884368274803,0.03191658883917919,61.58002768055563,2090.26629447677
M1 s1,4,0.0388,0.0765,0.05552509468677305,95.86967928599196,0.05554912870383219,0.060424912380819505,113.07997394069321,2036.7821377083628
M1 s1,5,0.0765,0.1119,0.09451704760205032,215.4375063879832,0.09453748692101756,0.08566594691078719,227.77051845920178,2409.3964381152177
M1 s1,6,0.1119,0.1738,0.14110573226835227,424.69908422028067,0.14111877699521638,0.1257621751799197,429.6873255154995,3045.332454159751
M1 s1,7,0.1738,0.2839,0.2215238953139222,600.7048084416211,0.22156878519107948,0.19911913546755095,585.1965684012913,2644.576492192081
M1 s1,8,0.2839,0.4814,0.38129993045883925,266.24272556881124,0.3813863279721004,0.34613659481665826,271.31676733702096,710.7470746252011
M1 s1,9,0.4814,0.8766,0.6124615160774382,16.002758873494983,0.6124544083318159,0.5477210219617841,15.324683944667157,24.994120787542506
M1 s1,10,0.8766,44.8085,3.4431050229282802,3.5479904815688057,3.4428183238416277,3.1975757224881134,0.9336970392366735,0.2738221973777939
M6,1,0.0000,0.0097,0.0021360259948042413,0.6275687978304582,0.002137502275052058,0.04153915101799666,0.6277909968930968,295.5923652190423
M6,2,0.0097,0.0224,0.016376379982993853,0.9533316966991454,0.016373743234280057,0.0190093753142275,0.9504481950379383,58.00487068858948
M6,3,0.0224,0.0388,0.029443324908508837,0.6426413527650379,0.029443884368274803,0.03191658883917919,0.6407188858867446,21.748497716681864
M6,4,0.0388,0.0765,0.05552509468677305,0.5057858842243601,0.05554912870383219,0.060424912380819505,0.49725694728315345,8.956529019089613
M6,5,0.0765,0.1119,0.09451704760205032,0.3831404181477887,0.09453748692101756,0.08566594691078719,0.36155795717476086,3.8246233976287014
M6,6,0.1119,0.1738,0.14110573226835227,0.4336131650656229,0.14111877699521638,0.1257621751799197,0.41356214132366437,2.9310480807731594
M6,7,0.1738,0.2839,0.2215238953139222,0.4534275002501043,0.22156878519107948,0.19911913546755095,0.4310955946800514,1.9481749161533761
M6,8,0.2839,0.4814,0.38129993045883925,0.48682840009923467,0.3813863279721004,0.34613659481665826,0.4147691976508782,1.0865380594366931
M6,9,0.4814,0.8766,0.6124615160774382,0.6519319617687452,0.6124544083318159,0.5477210219617841,0.38297295885722243,0.6246179318674271
M6,10,0.8766,44.8085,3.4431050229282802,3.4186487577499354,3.4428183238416277,3.1975757224881134,1.5219565127247072,0.44633907907475656
M6f,1,0.0000,0.0097,0.0021360259948042413,1.0211257829185076,0.002137502275052058,0.04153915101799666,1.03069179074926,485.29626220699646
M6f,2,0.0097,0.0224,0.016376379982993853,1.7359955870462926,0.016373743234280057,0.0190093753142275,1.7368888028915535,106.00052789638056
M6f,3,0.0224,0.0388,0.029443324908508837,1.2343817067908067,0.029443884368274803,0.03191658883917919,1.2310404065075575,41.7863123123317
M6f,4,0.0388,0.0765,0.05552509468677305,1.1609481750584036,0.05554912870383219,0.060424912380819505,1.1560141550234886,20.821980230776784
M6f,5,0.0765,0.1119,0.09451704760205032,0.7758100584905727,0.09453748692101756,0.08566594691078719,0.7710388651654752,8.156184162661303
M6f,6,0.1119,0.1738,0.14110573226835227,1.015082450904926,0.14111877699521638,0.1257621751799197,1.0249977921644884,7.264489447473851
M6f,7,0.1738,0.2839,0.2215238953139222,1.4460618437883757,0.22156878519107948,0.19911913546755095,1.4373638490698528,6.495627027276448
M6f,8,0.2839,0.4814,0.38129993045883925,1.4134195563014167,0.3813863279721004,0.34613659481665826,1.387786630788453,3.635474864742236
M6f,9,0.4814,0.8766,0.6124615160774382,1.5175389997325788,0.6124544083318159,0.5477210219617841,1.296786583837974,2.1150217928892436
M6f,10,0.8766,44.8085,3.4431050229282802,3.516135791944867,3.4428183238416277,3.1975757224881134,1.5740608787197745,0.4616195516372594
M2,1,0.0000,0.0097,0.0021360259948042413,0.15638355907197143,0.002137502275052058,0.04153915101799666,0.1566099709678608,73.73905004113728
M2,2,0.0097,0.0224,0.016376379982993853,0.1620970971255839,0.016373743234280057,0.0190093753142275,0.16233975275362258,9.907427269842513
M2,3,0.0224,0.0388,0.029443324908508837,0.1528714484139698,0.029443884368274803,0.03191658883917919,0.15159850619928203,5.145844517076185
M2,4,0.0388,0.0765,0.05552509468677305,0.15128612360194235,0.05554912870383219,0.060424912380819505,0.1423690316394748,2.564332927404117
M2,5,0.0765,0.1119,0.09451704760205032,0.15031042330695757,0.09453748692101756,0.08566594691078719,0.13084802887319344,1.3841333673652747
M2,6,0.1119,0.1738,0.14110573226835227,0.17220789672987288,0.14111877699521638,0.1257621751799197,0.14036421837390314,0.9948064190722672
M2,7,0.1738,0.2839,0.2215238953139222,0.21464190263796992,0.22156878519107948,0.19911913546755095,0.15505902299258054,0.7007311205339339
M2,8,0.2839,0.4814,0.38129993045883925,0.34581087451752307,0.3813863279721004,0.34613659481665826,0.189993212400419,0.4977101903344717
M2,9,0.4814,0.8766,0.6124615160774382,0.6057049743933235,0.6124544083318159,0.5477210219617841,0.2067248879760409,0.33716237401831667
M2,10,0.8766,44.8085,3.4431050229282802,3.4419579847602524,3.4428183238416277,3.1975757224881134,0.7520641612955808,0.2205553327912438
M3,1,0.0000,0.0097,0.0021360259948042413,0.16020309673090125,0.002137502275052058,0.04153915101799666,0.16137120923154305,75.98085613058156
M3,2,0.0097,0.0224,0.016376379982993853,0.18808029756825348,0.016373743234280057,0.0190093753142275,0.19005967298521598,11.599145342353987
M3,3,0.0224,0.0388,0.029443324908508837,0.168797451896907,0.029443884368274803,0.03191658883917919,0.16952451122510703,5.754323037002779
M3,4,0.0388,0.0765,0.05552509468677305,0.16956120171357325,0.05554912870383219,0.060424912380819505,0.15853880914264745,2.8555809074085476
M3,5,0.0765,0.1119,0.09451704760205032,0.17446443846838602,0.09453748692101756,0.08566594691078719,0.14126595700752184,1.4943360358633369
M3,6,0.1119,0.1738,0.14110573226835227,0.20991646177576648,0.14111877699521638,0.1257621751799197,0.15182051954089773,1.0760009148759802
M3,7,0.1738,0.2839,0.2215238953139222,0.24967862316374603,0.22156878519107948,0.19911913546755095,0.15021641638588532,0.6788467755385644
M3,8,0.2839,0.4814,0.38129993045883925,0.3750629258840051,0.3813863279721004,0.34613659481665826,0.18459911146941746,0.48357969079118274
M3,9,0.4814,0.8766,0.6124615160774382,0.6001619915920189,0.6124544083318159,0.5477210219617841,0.20482503403867805,0.3340637666368796
M3,10,0.8766,44.8085,3.4431050229282802,3.448664662570202,3.4428183238416277,3.1975757224881134,0.7091268090510535,0.20796323958851426
M7,1,0.0000,0.0097,0.0021360259948042413,0.3964877846657953,0.002137502275052058,0.04153915101799666,0.3979795896316603,187.38677169682086
M7,2,0.0097,0.0224,0.016376379982993853,0.38110526108460524,0.016373743234280057,0.0190093753142275,0.382591807088491,23.3491824305015
M7,3,0.0224,0.0388,0.029443324908508837,0.33365298707984886,0.029443884368274803,0.03191658883917919,0.3369213754477363,11.436425437163784
M7,4,0.0388,0.0765,0.05552509468677305,0.33303401968645335,0.05554912870383219,0.060424912380819505,0.3315740405308456,5.972269532315344
M7,5,0.0765,0.1119,0.09451704760205032,0.3121098600264815,0.09453748692101756,0.08566594691078719,0.30763419744529635,3.2542084225000196
M7,6,0.1119,0.1738,0.14110573226835227,0.34294236883110996,0.14111877699521638,0.1257621751799197,0.34548542961763423,2.4485665012149735
M7,7,0.1738,0.2839,0.2215238953139222,0.366891423727781,0.22156878519107948,0.19911913546755095,0.38035471046397734,1.7188705134336875
M7,8,0.2839,0.4814,0.38129993045883925,0.4099649604554975,0.3813863279721004,0.34613659481665826,0.40001895246558045,1.0478980088480307
M7,9,0.4814,0.8766,0.6124615160774382,0.5983209444059352,0.6124544083318159,0.5477210219617841,0.44419436433686127,0.7244682915137477
M7,10,0.8766,44.8085,3.4431050229282802,3.2978758029032416,3.4428183238416277,3.1975757224881134,1.6316789771124884,0.4785170179969269
M7f,1,0.0000,0.0097,0.0021360259948042413,0.5666217627968172,0.002137502275052058,0.04153915101799666,0.5691412939141463,267.9774352363901
M7f,2,0.0097,0.0224,0.016376379982993853,0.7749432635557846,0.016373743234280057,0.0190093753142275,0.7761093512167886,47.36515129658165
M7f,3,0.0224,0.0388,0.029443324908508837,0.6059684960470237,0.029443884368274803,0.03191658883917919,0.6066563273170879,20.59228163878172
M7f,4,0.0388,0.0765,0.05552509468677305,0.5255543247334516,0.05554912870383219,0.060424912380819505,0.5264831118359506,9.48294698542274
M7f,5,0.0765,0.1119,0.09451704760205032,0.44403637754657227,0.09453748692101756,0.08566594691078719,0.4414519340254642,4.669755878131985
M7f,6,0.1119,0.1738,0.14110573226835227,0.6016761680275883,0.14111877699521638,0.1257621751799197,0.6147242057092507,4.356748414112644
M7f,7,0.1738,0.2839,0.2215238953139222,1.4225986893185363,0.22156878519107948,0.19911913546755095,1.4369806305537767,6.493895214867233
M7f,8,0.2839,0.4814,0.38129993045883925,1.4137489325615522,0.3813863279721004,0.34613659481665826,1.3947004800839988,3.653586528866203
M7f,9,0.4814,0.8766,0.6124615160774382,0.731437948009312,0.6124544083318159,0.5477210219617841,0.5551859732405615,0.9054924280870918
M7f,10,0.8766,44.8085,3.4431050229282802,3.357761614499825,3.4428183238416277,3.1975757224881134,1.5998688225903628,0.4691881607293741
M4,1,0.0000,0.0097,0.0021360259948042413,0.34889756689704043,0.002137502275052058,0.04153915101799666,0.35035313541243146,164.96208526562063
M4,2,0.0097,0.0224,0.016376379982993853,0.31072810705013926,0.016373743234280057,0.0190093753142275,0.31396047232976704,19.160683027116157
M4,3,0.0224,0.0388,0.029443324908508837,0.3036369777645627,0.029443884368274803,0.03191658883917919,0.31201564944117105,10.59102796704483
M4,4,0.0388,0.0765,0.05552509468677305,0.3205409537174762,0.05554912870383219,0.060424912380819505,0.32465349603094223,5.847617563187621
M4,5,0.0765,0.1119,0.09451704760205032,0.29862099222453203,0.09453748692101756,0.08566594691078719,0.30492401685359966,3.2255396575147364
M4,6,0.1119,0.1738,0.14110573226835227,0.2933792519806382,0.14111877699521638,0.1257621751799197,0.30229033917788944,2.1424289845481583
M4,7,0.1738,0.2839,0.2215238953139222,0.30545860447194645,0.22156878519107948,0.19911913546755095,0.3100312700850444,1.4010700899208366
M4,8,0.2839,0.4814,0.38129993045883925,0.3893968586563215,0.3813863279721004,0.34613659481665826,0.3620969560395713,0.9485567543864026
M4,9,0.4814,0.8766,0.6124615160774382,0.5907587026671925,0.6124544083318159,0.5477210219617841,0.4646363654219561,0.7578086100550467
M4,10,0.8766,44.8085,3.4431050229282802,3.3296646225076767,3.4428183238416277,3.1975757224881134,2.2123494836675213,0.6488083088286549
M5,1,0.0000,0.0097,0.0021360259948042413,0.42972421553291745,0.002137502275052058,0.04153915101799666,0.43361000408947126,204.16318062183217
M5,2,0.0097,0.0224,0.016376379982993853,0.34274789836766706,0.016373743234280057,0.0190093753142275,0.34541686687388734,21.080434263834658
M5,3,0.0224,0.0388,0.029443324908508837,0.3182173336632103,0.029443884368274803,0.03191658883917919,0.3232201709003714,10.971353121710251
M5,4,0.0388,0.0765,0.05552509468677305,0.33852422257541104,0.05554912870383219,0.060424912380819505,0.3451693343068298,6.217146238197369
M5,5,0.0765,0.1119,0.09451704760205032,0.2994047599265068,0.09453748692101756,0.08566594691078719,0.30784425297718615,3.2564304267074355
M5,6,0.1119,0.1738,0.14110573226835227,0.3160438474841354,0.14111877699521638,0.1257621751799197,0.35749755541477496,2.5337003051725273
M5,7,0.1738,0.2839,0.2215238953139222,0.393067132748356,0.22156878519107948,0.19911913546755095,0.4620034967949835,2.087851591940156
M5,8,0.2839,0.4814,0.38129993045883925,0.4962063116580455,0.3813863279721004,0.34613659481665826,0.5732200918220316,1.5016193336581403
M5,9,0.4814,0.8766,0.6124615160774382,0.6211547419759805,0.6124544083318159,0.5477210219617841,0.6947423551953813,1.1331048917336914
M5,10,0.8766,44.8085,3.4431050229282802,3.090461795368545,3.4428183238416277,3.1975757224881134,3.0851143836053745,0.9047611421915721
M8,1,0.0000,0.0097,0.0021360259948042413,1.395052111974735,0.002137502275052058,0.04153915101799666,1.389590264929086,654.2818790465849
M8,2,0.0097,0.0224,0.016376379982993853,2.107502252424259,0.016373743234280057,0.0190093753142275,2.118801130089986,129.30824237169617
M8,3,0.0224,0.0388,0.029443324908508837,1.4336256252120962,0.029443884368274803,0.03191658883917919,1.4268534094345293,48.432969279778476
M8,4,0.0388,0.0765,0.05552509468677305,1.3224143916983202,0.05554912870383219,0.060424912380819505,1.3178614414233325,23.737153010606583
M8,5,0.0765,0.1119,0.09451704760205032,0.8932708029525237,0.09453748692101756,0.08566594691078719,0.8987864068954797,9.507520033977679
M8,6,0.1119,0.1738,0.14110573226835227,1.1122761695449743,0.14111877699521638,0.1257621751799197,1.093495466645842,7.749954525789298
M8,7,0.1738,0.2839,0.2215238953139222,1.511089726195294,0.22156878519107948,0.19911913546755095,1.4598920163557185,6.597434633187624
M8,8,0.2839,0.4814,0.38129993045883925,1.4064150392405714,0.3813863279721004,0.34613659481665826,1.3515417521831834,3.5405270231779826
M8,9,0.4814,0.8766,0.6124615160774382,1.200187814081407,0.6124544083318159,0.5477210219617841,1.1759871768665315,1.918001418452196
M8,10,0.8766,44.8085,3.4431050229282802,4.321179695537027,3.4428183238416277,3.1975757224881134,3.697045602210325,1.0842201571408585
Ours-S,1,0.0000,0.0097,0.0021360259948042413,0.18936530046297087,0.002137502275052058,0.04153915101799666,0.19004025776667896,89.47953946152998
Ours-S,2,0.0097,0.0224,0.016376379982993853,0.2108665581492758,0.016373743234280057,0.0190093753142275,0.21420814327239135,13.072901517227821
Ours-S,3,0.0224,0.0388,0.029443324908508837,0.18462489870954646,0.029443884368274803,0.03191658883917919,0.18762957402066902,6.3688794759388765
Ours-S,4,0.0388,0.0765,0.05552509468677305,0.17738199711427585,0.05554912870383219,0.060424912380819505,0.17060223220162443,3.0728657523717233
Ours-S,5,0.0765,0.1119,0.09451704760205032,0.2110532278573618,0.09453748692101756,0.08566594691078719,0.188331294135724,1.9922014154677399
Ours-S,6,0.1119,0.1738,0.14110573226835227,0.2012741524162119,0.14111877699521638,0.1257621751799197,0.15327426980538997,1.0863041111720082
Ours-S,7,0.1738,0.2839,0.2215238953139222,0.2517951266417281,0.22156878519107948,0.19911913546755095,0.1615964528497044,0.73027458379575
Ours-S,8,0.2839,0.4814,0.38129993045883925,0.38856062859124396,0.3813863279721004,0.34613659481665826,0.22810593415279726,0.5975510728474889
Ours-S,9,0.4814,0.8766,0.6124615160774382,0.6347452004027921,0.6124544083318159,0.5477210219617841,0.24134810435551857,0.3936318487145976
Ours-S,10,0.8766,44.8085,3.4431050229282802,3.4523438556409274,3.4428183238416277,3.1975757224881134,0.4659099726071161,0.13663585415651106
Ours-L,1,0.0000,0.0097,0.0021360259948042413,0.45427018054936014,0.002137502275052058,0.04153915101799666,0.45642452125966754,214.9052860757865
Ours-L,2,0.0097,0.0224,0.016376379982993853,0.35378022173395635,0.016373743234280057,0.0190093753142275,0.35832029145883126,21.867916925590634
Ours-L,3,0.0224,0.0388,0.029443324908508837,0.34250816122064504,0.029443884368274803,0.03191658883917919,0.3516530115744569,11.93647461898485
Ours-L,4,0.0388,0.0765,0.05552509468677305,0.3695003252702232,0.05554912870383219,0.060424912380819505,0.38171723088448184,6.875442312436083
Ours-L,5,0.0765,0.1119,0.09451704760205032,0.32897994088060023,0.09453748692101756,0.08566594691078719,0.3501778285127459,3.7042424034199932
Ours-L,6,0.1119,0.1738,0.14110573226835227,0.4263176257631282,0.14111877699521638,0.1257621751799197,0.4801467828733765,3.402954878621256
Ours-L,7,0.1738,0.2839,0.2215238953139222,0.568304646756454,0.22156878519107948,0.19911913546755095,0.630102242407326,2.8475108500726014
Ours-L,8,0.2839,0.4814,0.38129993045883925,0.6925449363676757,0.3813863279721004,0.34613659481665826,0.7552120029321125,1.9783691478937824
Ours-L,9,0.4814,0.8766,0.6124615160774382,0.8126702628953479,0.6124544083318159,0.5477210219617841,0.848406606782603,1.3837268868603754
Ours-L,10,0.8766,44.8085,3.4431050229282802,3.7420910469845645,3.4428183238416277,3.1975757224881134,3.273378181210711,0.9599726343358825
noEPE,1,0.0000,0.0097,0.0021360259948042413,0.26036934411597396,0.002137502275052058,0.04153915101799666,0.260611997893724,122.70790317654685
noEPE,2,0.0097,0.0224,0.016376379982993853,0.29376630949811355,0.016373743234280057,0.0190093753142275,0.2950840519081601,18.008674604842227
noEPE,3,0.0224,0.0388,0.029443324908508837,0.274545797538032,0.029443884368274803,0.03191658883917919,0.27752859811847963,9.420402949633958
noEPE,4,0.0388,0.0765,0.05552509468677305,0.2906512266519708,0.05554912870383219,0.060424912380819505,0.2892703985145824,5.210301701796355
noEPE,5,0.0765,0.1119,0.09451704760205032,0.27450967331316534,0.09453748692101756,0.08566594691078719,0.2702767782171605,2.8590350987778375
noEPE,6,0.1119,0.1738,0.14110573226835227,0.2745931259280488,0.14111877699521638,0.1257621751799197,0.2723128009841799,1.9299685172825862
noEPE,7,0.1738,0.2839,0.2215238953139222,0.29876022500853955,0.22156878519107948,0.19911913546755095,0.2925996943262966,1.3222946186302431
noEPE,8,0.2839,0.4814,0.38129993045883925,0.39790017084211976,0.3813863279721004,0.34613659481665826,0.31137655665482983,0.8156885360291218
noEPE,9,0.4814,0.8766,0.6124615160774382,0.643875360914855,0.6124544083318159,0.5477210219617841,0.31939058128864,0.5209168943356676
noEPE,10,0.8766,44.8085,3.4431050229282802,3.4584444047993856,3.4428183238416277,3.1975757224881134,0.4890237711654885,0.14341436029397875
K1,1,0.0000,0.0097,0.0021360259948042413,0.2704927348359046,0.002137502275052058,0.04153915101799666,0.27168893381188686,127.92342506780308
K1,2,0.0097,0.0224,0.016376379982993853,0.2537182603155526,0.016373743234280057,0.0190093753142275,0.2538845792743889,15.49431338553917
K1,3,0.0224,0.0388,0.029443324908508837,0.22820072430200114,0.029443884368274803,0.03191658883917919,0.22551563753289308,7.654880222817619
K1,4,0.0388,0.0765,0.05552509468677305,0.23242282536912331,0.05554912870383219,0.060424912380819505,0.21869134212182706,3.9390406964438966
K1,5,0.0765,0.1119,0.09451704760205032,0.23830662796734245,0.09453748692101756,0.08566594691078719,0.2104832416499081,2.226528596171552
K1,6,0.1119,0.1738,0.14110573226835227,0.25139382928644566,0.14111877699521638,0.1257621751799197,0.2092311868958948,1.4828888031826502
K1,7,0.1738,0.2839,0.2215238953139222,0.2912802837886022,0.22156878519107948,0.19911913546755095,0.22930096184847382,1.0362397288113845
K1,8,0.2839,0.4814,0.38129993045883925,0.3938775984779772,0.3813863279721004,0.34613659481665826,0.2669414801266145,0.6992854807990494
K1,9,0.4814,0.8766,0.6124615160774382,0.6343435429135834,0.6124544083318159,0.5477210219617841,0.26988622522400424,0.44017670684099536
K1,10,0.8766,44.8085,3.4431050229282802,3.4318694993523096,3.4428183238416277,3.1975757224881134,0.6886818812626374,0.2019674242255019
noSI,1,0.0000,0.0097,0.0021360259948042413,0.3474259286541472,0.002137502275052058,0.04153915101799666,0.3479153373032315,163.81425977498583
noSI,2,0.0097,0.0224,0.016376379982993853,0.3125404835519639,0.016373743234280057,0.0190093753142275,0.3157393162583974,19.269244032959584
noSI,3,0.0224,0.0388,0.029443324908508837,0.2817406679541915,0.029443884368274803,0.03191658883917919,0.28661601869101266,9.728865443756845
noSI,4,0.0388,0.0765,0.05552509468677305,0.26318007826244366,0.05554912870383219,0.060424912380819505,0.2634998157219424,4.746125235520261
noSI,5,0.0765,0.1119,0.09451704760205032,0.260737502413048,0.09453748692101756,0.08566594691078719,0.25106001551526347,2.6557568171140518
noSI,6,0.1119,0.1738,0.14110573226835227,0.2500370195112092,0.14111877699521638,0.1257621751799197,0.2228640430566737,1.579509245173821
noSI,7,0.1738,0.2839,0.2215238953139222,0.28943057336454886,0.22156878519107948,0.19911913546755095,0.2390037458301791,1.0800878233019864
noSI,8,0.2839,0.4814,0.38129993045883925,0.416479485002098,0.3813863279721004,0.34613659481665826,0.3121499668964364,0.8177145776634166
noSI,9,0.4814,0.8766,0.6124615160774382,0.6430094566797717,0.6124544083318159,0.5477210219617841,0.32447350028598027,0.5292069897028236
noSI,10,0.8766,44.8085,3.4431050229282802,3.4889641772054873,3.4428183238416277,3.1975757224881134,0.6682231706506124,0.19596756682006242
