clip,M1_s0,M1_s1,M1_s2,M2,M3,M4,OursS,zero_flow
spring_0001_split_00,0.18123167008554353,1367.9637873546417,0.368051650815723,0.18295200582350435,0.24571369233176277,0.25893825168412093,0.260241214522193,0.16256898641586304
spring_0001_split_01,0.14109772696396006,1347.3425623326034,0.3489672481613692,0.1619409576262111,0.21968749856792336,0.26663491118337146,0.24324140098852545,0.13669171929359436
spring_0001_split_02,0.13401137306592353,274.9767885701277,0.3360252746845851,0.17274739556275256,0.22449719532890242,0.2835304171126067,0.2492603987253422,0.14136385917663574
spring_0005_split_00,0.8899827667463438,1.2467829635736878,0.9396704083590204,0.8975983921304751,0.8892173716290581,0.950519052848934,0.9629896142506743,0.8395021557807922
spring_0005_split_01,0.9295734274494374,1.3580237867476168,0.9995236356341524,0.9338434387301344,0.9317969492147632,1.000937709455537,0.9882966764390329,0.8825113773345947
spring_0005_split_02,0.9404500344166747,1.4597677792503239,1.0296471577306356,0.933955875568136,0.9547283833091781,1.0201594293093648,0.9936599284696213,0.8888556957244873
spring_0007_split_00,0.15129391740378892,0.8535105224186006,0.5437171202885127,0.17157910490228953,0.17236244511679435,0.2796422720301535,0.15433630778680438,0.035620249807834625
spring_0007_split_01,0.13666471280296913,0.8853972347175224,0.548717810043344,0.17508156695423824,0.17437820853931307,0.28475352340645926,0.15957475140822683,0.039796967059373856
spring_0007_split_02,0.13086995803406196,0.8826752126191905,0.5316964200677725,0.17509030155598002,0.17335374280031482,0.2787936826395823,0.16438231877866208,0.0432487390935421
spring_0010_split_00,0.2177332447064773,0.2684728233537598,0.457698250497959,0.2592337944315704,0.3051197559443016,0.3683643523747729,0.2902459052357696,0.2193581610918045
spring_0010_split_01,0.2042461317293266,0.27423233502079414,0.4624140715032003,0.26528168125285273,0.30267525502521836,0.4153131090785524,0.29702871895852484,0.21427303552627563
spring_0010_split_02,0.22558610781864247,0.4334927198869428,0.4566272768408633,0.2970983618118321,0.3271215369843286,0.46574603258115427,0.3259843507283634,0.24315504729747772
spring_0011_split_00,0.558265847604213,0.8937446359750523,0.7771686647386786,0.5294820076911944,0.5288578173652435,0.4992394664622439,0.5236580100765459,0.5330207347869873
spring_0011_split_01,0.5481271390949317,0.9392244151389797,0.7164979954232626,0.5246524127167598,0.5289806058241368,0.516361370988312,0.5261392069193537,0.528414249420166
spring_0011_split_02,0.5486867364724937,0.9414823636210171,0.7082659596891835,0.5324953874387058,0.5403845739489207,0.5200808318731199,0.5391560940874384,0.5349492430686951
spring_0018_split_00,0.30673969537795615,0.35087030984329753,0.47443064037799204,0.38597010739404586,0.36014427957671535,0.48469189076034863,0.43140633822690866,0.30167722702026367
spring_0018_split_01,0.26596904687218537,0.3248691248469347,0.40831323119581614,0.3409511973791954,0.31589254825521945,0.4492845320100131,0.378126322534667,0.25239259004592896
spring_0018_split_02,0.2158381840090596,0.28352753830783806,0.37221990708793407,0.28664806340730814,0.26416295842386533,0.42013327729674477,0.31416820968195386,0.19305236637592316
spring_0033_split_00,3.092209647998419,3.157586006007304,3.03276669005545,3.1201286888564925,3.1066472476327953,3.043432873507999,3.0758824202680386,3.0560081005096436
spring_0033_split_01,3.52428307638423,3.624277486850392,3.4473383374506983,3.5454269874663438,3.537720364680219,3.6597299002118446,3.4767118507960295,3.4604861736297607
spring_0033_split_02,4.086264782135765,4.175177885733313,3.96297998915795,4.083878288533576,4.095004156413662,4.3057893483634615,4.027910582557241,4.002114772796631
spring_0044_split_00,0.11004843847509259,0.14803866813933778,0.28616167563990985,0.14842702767193608,0.17805764208709096,0.29256485136139254,0.22471869707467473,0.12892137467861176
spring_0044_split_01,0.09858470625862668,0.16446426476643283,0.25778633409534085,0.14768522623099978,0.17748639536876656,0.2830314621056081,0.22779762390492583,0.1268116980791092
spring_0044_split_02,0.10396772829303771,0.16687765404309854,0.26085480789669785,0.15479241753900794,0.1825979509358492,0.27924508751960125,0.23701733068020506,0.13102740049362183
