entity,0001,0005,0007,0010,0011,0018,0033,0044
"M1 (s0,s2)",0.2515641572961841,0.9548079050560441,0.3404933231067415,0.33738418051607816,0.6428353905037939,0.34058511748682385,3.5243070871970854,0.18623394844311758
M1 s1,996.7610460857909,1.3548581765238763,0.873860989918438,0.3253992927538323,0.9248171382450163,0.3197556576660235,3.6523471261970033,0.15979352898295637
M6,0.5662339678025149,1.0216194761371167,0.813754612233756,0.7338586918879478,0.5980646817038315,0.47977320266387274,3.662346462077048,0.22672818384947505
M6f,1.505312554000536,1.3157977493097357,2.0144756526544145,0.9004325828085481,1.6029469469247004,0.7631222337171821,3.715511156190198,0.4735954723550168
M2,0.17254678633748935,0.9217992354762486,0.17391699113750256,0.2738712791654184,0.5288766026155532,0.3378564560601831,3.5831446549521373,0.1503015571473146
M3,0.22996612874286282,0.9252475680509997,0.17336479881880743,0.3116388493179495,0.5327409990461004,0.3133999287519334,3.579790589575559,0.1793806627972356
M7,0.34788755992162895,1.0479007673661933,0.4082610487937231,0.39629712845352155,0.5729801330577096,0.3738691819397268,3.5281108467687337,0.2440809313333727
M7f,1.2257588660526337,1.0514300220459523,0.7521367985462147,0.7186239917116599,0.6085283448620799,0.7191831979533041,3.6068063254310836,0.2828522996373531
M4,0.2697011933266997,0.9905387305379452,0.28106315935873166,0.41647449801149317,0.5118938897745586,0.4513699000223688,3.6696507073611015,0.28494713366220065
M5,0.31934064920839583,1.0099294601312838,0.32514887716258706,0.36712001939209943,0.5849808517698459,0.45827091674490766,3.572972999478088,0.2659475495877132
M8,1.534354297991359,1.4971818808338118,2.0513888376088243,1.8508484558570848,0.8923125265505139,0.7776489891897557,5.281487342224531,0.4068384889955998
Ours-S,0.2509143380786869,0.9816487397197763,0.15943112599123108,0.30441965830755263,0.5296511036944461,0.3745669568145098,3.526834951207103,0.22984455055326855
Ours-L,0.4867016767595853,1.265500909957812,0.3375239925346743,0.37013331346992445,0.6069734418677784,0.5435679707832066,4.4487605985583345,0.24731607876491069
noEPE,0.2973025693832491,1.0306376733140503,0.2991801529612417,0.3396692862108919,0.5941587376932679,0.40629014065272157,3.545643456843507,0.2600202769643478
K1,0.3132991624313209,1.0374165979255439,0.20414949636802227,0.28976063115394196,0.5657345870907068,0.39601455832964066,3.5342012514452708,0.20914388821558152
noSI,0.27555131550136225,1.092265295642064,0.28698898569973313,0.3765184267257953,0.6016729395027375,0.4025258653240562,3.6138928523292377,0.24881992712906456
zero-flow,0.14687485992908478,0.8702898025512695,0.03955531492829323,0.2255954146385193,0.532128095626831,0.24904072284698486,3.5062034130096436,0.12892015278339386
