X_minus_OursS,metric,0001,0005,0007,0010,0011,0018,0033,0044
noEPE,epe,0.04638823130456224,0.048988933594274066,0.13974902697001057,0.03524962790333926,0.0645076339988218,0.03172318383821173,0.018808505636403794,0.030175726411079285
noEPE,dep_aligned,-0.04807728833655167,-0.019640523263574277,0.0027310357515809938,0.030740395755531152,0.04618081203072869,0.019959686405518484,-0.03392935095804724,-0.01816731709180523
K1,epe,0.062384824352634004,0.0557678582057675,0.04471837037679117,-0.014659027153610671,0.036083483396260885,0.021447601515130883,0.007366300238167718,-0.020700662337687015
K1,dep_aligned,-0.00764200668836527,-0.02699168733658186,-0.005114264799351176,0.06749937772940841,0.07179154151781574,0.03921054325092196,0.04330859503408905,0.04320397335155982
noSI,epe,0.02463697742267536,0.11061655592228777,0.12755785970850206,0.07209876841824263,0.0720218358082914,0.02795890850954641,0.0870579011221344,0.01897537657579601
noSI,dep_aligned,-0.026516213173025587,0.00857218834580642,-0.008740188905867438,0.02487679600253671,0.004435061555210969,0.003123814129258329,-0.023572607815767494,0.021928946468117605
M4,epe,0.018786855248012806,0.008889990818169028,0.12163203336750061,0.11205483970394055,-0.0177572139198874,0.076802943207859,0.14281575615399836,0.055102583108932075
M4,dep_aligned,-0.11191535975848606,0.02979999222619345,0.031159736385215037,0.04292298399754185,0.14856875182922666,0.0768715493724822,-0.004713748655206869,-0.05839448303483463
Ours-L,epe,0.2357873386808985,0.28385217023803583,0.17809286654344325,0.06571365516237176,0.0773223381733323,0.16900101396869674,0.9219256473512312,0.017471528211642107
Ours-L,dep_aligned,0.23950462953017437,0.09801910192847756,-0.028768487899490342,0.05970110958552771,0.20085918220391488,0.2537137316457859,0.021782896556233704,0.1268183054685815
