entity,0001,0005,0007,0010,0011,0018,0033,0044,pooled
"M1 (s0,s2)",1.3154725276751686,1.1263175971269175,1.4762005469033448,1.026334300571216,0.8470687451839563,0.6802540719482701,1.0132882394286375,1.0987863568650387,1.1749181475076043
M1 s1,1.6527896302948615,1.0197595698875432,1.5986048426685362,0.46282114399521357,0.3302671013916096,0.5909995144759826,1.0556178166371664,1.0221038454472677,1.1989374848099938
M6,1.0869799987571793,0.9844512852991839,1.207813630207069,0.5032969749445145,0.28842916629612175,0.5862821021054535,1.04859919193074,1.1005670858902266,0.9369991306211123
M6f,1.8183720678971602,1.0717917345711283,1.5356555299100016,0.9122833523258084,0.7535594813705858,0.6678895394061453,1.0415848306208129,1.116238813865723,1.3559884130709843
M2,0.9793792023436084,1.0566461962920204,1.2039415383580685,0.41628180298892964,0.2290533837450577,0.559869854426576,1.0295246964199045,1.0731395230292688,0.9013967692328094
M3,1.0013533594201445,1.0249099579621876,1.196788672574038,0.42542578997116337,0.23802920071948455,0.5527817799496771,1.0547641258781877,1.060572633652963,0.9029166047712983
M7,0.9658185625353425,1.0439580131563233,1.1916388823038293,0.4614169642988331,0.2897950527621282,0.573906631679413,1.0177825463346288,1.1210437235079906,0.9022670485835375
M7f,0.9614042004728675,1.0292922428393505,1.205318597962325,0.44739300122064823,0.27510135350852355,0.5712208873242987,1.0528261082214543,1.092437509685,0.9006539406339941
M4,0.9848265972018089,1.0339145972944142,1.2492394431797107,0.4693031965154297,0.3669586713785445,0.6646299195967001,1.058464850751778,1.0484979538053747,0.9249939922399047
M5,1.2170827182584718,1.119212216163015,1.3169921640076911,0.4561155036487094,0.4550310633913303,0.6623813648033531,1.2143929191568192,1.3038371692199062,1.0526867551071584
M8,1.0137696903021476,1.049540930154231,1.2256038207884405,0.4501987946379605,0.31548548898550205,0.6398659863577622,1.0403174571265872,1.0841908621152456,0.9268767002957373
Ours-S,1.096741956960295,1.0041146050682208,1.2180797067944955,0.42638021251788777,0.21838991954931788,0.5877583702242181,1.063178599406985,1.1068924368402093,0.9391582092694016
Ours-L,1.3362465864904693,1.1021337069966985,1.189311218895005,0.4860813221034155,0.41924910175323277,0.841472101870004,1.0849614959632186,1.2337107423087907,1.071335976869565
noEPE,1.0486646686237433,0.9844740818046466,1.2208107425460766,0.45712060827341894,0.26457073158004657,0.6077180566297365,1.0292492484489375,1.088725119748404,0.9234925439691605
K1,1.0890999502719296,0.9771229177316388,1.2129654419951443,0.4938795902472963,0.2901814610671336,0.62696891347514,1.1064871944410737,1.1500964101917692,0.9488106113237849
noSI,1.070225743787269,1.0126867934140273,1.2093395178886281,0.45125700852042455,0.22282498110452886,0.5908821843534764,1.0396059915912172,1.1288213833083267,0.9322555206817498
constant floor,1.0770983799472509,1.0485580292805432,1.2161696118305727,0.3929463455557147,0.19606421945275276,0.5057532185784616,0.9998224822796167,1.2251857682166916,0.9361792204992947
