sequence,floor,m1,m2,m3,m4,m5,m6,m6f,m7,m7f,m8
bandage_1/00,0.824074916166862,0.75692433,0.81903124,0.7373636,0.7827015,0.7461073,0.75763196,0.70941573,0.7831307,0.70962375,0.76052386
bandage_1/01,0.87507404268791,0.8422455,0.9129607,0.8304176,0.85893637,0.77445024,0.81795055,0.7858295,0.8493584,0.7844028,0.84624225
bandage_1/02,0.8759657258166136,0.87504864,0.95613384,0.85897493,0.83476186,0.7760825,0.8053367,0.804774,0.8597272,0.78889966,0.8772488
bandage_2/00,0.7101498832379335,0.4761218,0.5082994,0.47674283,0.48503688,0.5040584,0.47662783,0.4454864,0.49295196,0.4416748,0.49111488
bandage_2/01,0.7899429378393564,0.58984894,0.62457556,0.5789892,0.58638895,0.5119038,0.5859263,0.5589718,0.60641366,0.5567202,0.57984406
bandage_2/02,0.8062836839453983,0.6005219,0.6358928,0.5870711,0.58239913,0.47034907,0.5989736,0.5705708,0.62290365,0.5666363,0.5770855
cave_2/00,0.8910374571240006,1.2386541,1.1865546,1.2649889,1.391921,1.367629,1.1823233,1.2790622,1.1724544,1.2650875,1.3974234
cave_2/01,0.9220637924325396,1.2492572,1.1995109,1.2748044,1.3811388,1.4114305,1.1999236,1.2861881,1.1755291,1.267834,1.4010305
cave_2/02,1.0155429229727682,1.3539876,1.3079786,1.385334,1.5031501,1.5271178,1.3078178,1.3898444,1.28432,1.3787813,1.521657
cave_4/00,0.3702237559785942,0.7449481,0.70060414,0.7488544,0.872421,0.8564587,0.6917391,0.7878874,0.66609883,0.7718687,0.8806403
cave_4/01,0.29946178038677773,0.6927767,0.6480091,0.6989422,0.83510375,0.8435951,0.63791686,0.733926,0.6190846,0.71796197,0.83873034
cave_4/02,0.38161407228112093,0.79199475,0.7510016,0.7936252,0.9354916,0.9592297,0.73697263,0.8348895,0.7271678,0.8181321,0.9367357
