sequence,zero_flow,m1,m2,m3,m4,m5,m6,m6f,m7,m7f,m8
bandage_1/00,2.1762009,2.127993,2.1616428,2.2499895,1.8937954,1.8840233,2.0862994,2.003517,1.9487677,2.029277,2.1823905
bandage_1/01,2.516838,2.4284356,2.4903343,2.5694377,2.1431143,2.0538354,2.3870547,2.2625647,2.2183156,2.2984848,2.4068236
bandage_1/02,2.1007729,2.022361,2.080691,2.1175258,1.857204,1.7428322,2.0116568,1.8856858,1.8754963,1.8451668,2.0432477
bandage_2/00,1.0209793,1.0430611,1.0381298,1.0739913,1.0478536,1.1040976,1.0707198,1.0705556,1.0672485,1.0247092,1.1367716
bandage_2/01,0.91858894,0.9262721,0.9325015,0.9706455,0.9532895,0.9430668,0.9418805,0.95500547,0.9514913,0.90287423,1.0066153
bandage_2/02,0.76605654,0.77537924,0.8051762,0.8271337,0.7895996,0.77836704,0.78636736,0.8053465,0.7903183,0.7599657,0.85100824
cave_2/00,14.14912,14.121635,14.08083,14.087411,13.811551,13.265597,14.046834,13.966114,13.930035,13.923778,14.026399
cave_2/01,12.929174,12.906963,12.916107,12.879603,12.640079,12.091994,12.857608,12.797269,12.792384,12.794906,12.855866
cave_2/02,13.511953,13.474223,13.459733,13.445376,13.124416,12.373143,13.382001,13.320926,13.291702,13.274367,13.405339
cave_4/00,5.9868803,5.9644265,5.9703927,5.9653645,5.7808137,5.9674582,5.9136662,5.85309,5.832421,5.8429008,5.918793
cave_4/01,5.8565264,5.8278465,5.8396306,5.8450913,5.618698,5.5649643,5.781349,5.711683,5.6854706,5.7157555,5.7717633
cave_4/02,5.506591,5.4609585,5.4807644,5.486599,5.2662864,5.268228,5.4294167,5.3230815,5.3192334,5.3288817,5.3254714
