sequence,m8_minus_m4_mean,min_over_seeds,max_over_seeds
bandage_1/00,0.28859535,0.1271677,0.44311392
bandage_1/01,0.2637094,0.1015501,0.40894556
bandage_1/02,0.18604374,0.014706373,0.34062445
bandage_2/00,0.08891785,-0.005483389,0.19802594
bandage_2/01,0.05332573,0.0030739307,0.12843102
bandage_2/02,0.061408658,0.030102432,0.09231138
cave_2/00,0.21484692,0.041604996,0.32317257
cave_2/01,0.21578884,-0.008444786,0.405468
cave_2/02,0.28092384,0.036823273,0.47413445
cave_4/00,0.13797982,0.038594246,0.23930836
cave_4/01,0.15306489,0.02443266,0.27873325
cave_4/02,0.05918519,-0.065481186,0.17429352
