# run_name	model	seed	data_fraction	extra_args	timeout_h
m1_s0_f1.0	m1	0	1.0	--fastfly	3
m2_s0_f1.0	m2	0	1.0	--fastfly	3
m1_s1_f1.0	m1	1	1.0	--fastfly	3
m2_s1_f1.0	m2	1	1.0	--fastfly	3
m1_s2_f1.0	m1	2	1.0	--fastfly	3
m2_s2_f1.0	m2	2	1.0	--fastfly	3
m4_s0_f1.0	m4	0	1.0	--compile default	2
m4_s1_f1.0	m4	1	1.0	--compile default	2
m4_s2_f1.0	m4	2	1.0	--compile default	2
m3_s0_f1.0	m3	0	1.0	--fastfly	3
m3_s1_f1.0	m3	1	1.0	--fastfly	3
m3_s2_f1.0	m3	2	1.0	--fastfly	3
m6_s0_f1.0	m6	0	1.0	--fastfly	3
m7_s0_f1.0	m7	0	1.0	--fastfly	3
m6_s1_f1.0	m6	1	1.0	--fastfly	3
m7_s1_f1.0	m7	1	1.0	--fastfly	3
m6_s2_f1.0	m6	2	1.0	--fastfly	3
m7_s2_f1.0	m7	2	1.0	--fastfly	3
m6f_s0_f1.0	m6f	0	1.0	--fastfly --frontend-ckpt runs/m1_s0_f1.0/best.pt	3
m7f_s0_f1.0	m7f	0	1.0	--fastfly --frontend-ckpt runs/m2_s0_f1.0/best.pt	3
m6f_s1_f1.0	m6f	1	1.0	--fastfly --frontend-ckpt runs/m1_s1_f1.0/best.pt	3
m7f_s1_f1.0	m7f	1	1.0	--fastfly --frontend-ckpt runs/m2_s1_f1.0/best.pt	3
m6f_s2_f1.0	m6f	2	1.0	--fastfly --frontend-ckpt runs/m1_s2_f1.0/best.pt	3
m7f_s2_f1.0	m7f	2	1.0	--fastfly --frontend-ckpt runs/m2_s2_f1.0/best.pt	3
m8_s0_f1.0	m8	0	1.0	--compile default	3
m8_s1_f1.0	m8	1	1.0	--compile default	3
m8_s2_f1.0	m8	2	1.0	--compile default	3
m1_s0_f0.25	m1	0	0.25	--fastfly	3
m2_s0_f0.25	m2	0	0.25	--fastfly	3
m1_s1_f0.25	m1	1	0.25	--fastfly	3
m2_s1_f0.25	m2	1	0.25	--fastfly	3
m1_s2_f0.25	m1	2	0.25	--fastfly	3
m2_s2_f0.25	m2	2	0.25	--fastfly	3
m5_s0_f1.0	m5	0	1.0	--compile default	4
m5_s1_f1.0	m5	1	1.0	--compile default	4
m5_s2_f1.0	m5	2	1.0	--compile default	4
m5_s0_f0.25	m5	0	0.25	--compile default	4
m5_s1_f0.25	m5	1	0.25	--compile default	4
m5_s2_f0.25	m5	2	0.25	--compile default	4
