run_name	model	seed	data_fraction	n_iters	lr
m1_s0_f1.0	m1	0	1.0	$N_ITERS	$LR
m1_s1_f1.0	m1	1	1.0	$N_ITERS	$LR
m1_s2_f1.0	m1	2	1.0	$N_ITERS	$LR
m2_s0_f1.0	m2	0	1.0	$N_ITERS	$LR
m2_s1_f1.0	m2	1	1.0	$N_ITERS	$LR
m2_s2_f1.0	m2	2	1.0	$N_ITERS	$LR
m3_s0_f1.0	m3	0	1.0	$N_ITERS	$LR
m3_s1_f1.0	m3	1	1.0	$N_ITERS	$LR
m3_s2_f1.0	m3	2	1.0	$N_ITERS	$LR
m4_s0_f1.0	m4	0	1.0	$N_ITERS	$LR
m4_s1_f1.0	m4	1	1.0	$N_ITERS	$LR
m4_s2_f1.0	m4	2	1.0	$N_ITERS	$LR
m5_s0_f1.0	m5	0	1.0	$N_ITERS	$LR
m5_s1_f1.0	m5	1	1.0	$N_ITERS	$LR
m5_s2_f1.0	m5	2	1.0	$N_ITERS	$LR
m1_s0_f0.25	m1	0	0.25	$N_ITERS	$LR
m1_s1_f0.25	m1	1	0.25	$N_ITERS	$LR
m1_s2_f0.25	m1	2	0.25	$N_ITERS	$LR
m2_s0_f0.25	m2	0	0.25	$N_ITERS	$LR
m2_s1_f0.25	m2	1	0.25	$N_ITERS	$LR
m2_s2_f0.25	m2	2	0.25	$N_ITERS	$LR
m5_s0_f0.25	m5	0	0.25	$N_ITERS	$LR
m5_s1_f0.25	m5	1	0.25	$N_ITERS	$LR
m5_s2_f0.25	m5	2	0.25	$N_ITERS	$LR
