arm,frac,n_seeds,epe_mean,epe_sd,epe_seeds,epe_margin_vs_floor,epe_margin_pct,angular_deg_mean,angular_deg_sd,angular_deg_seeds,angular_deg_margin_vs_floor,angular_deg_margin_pct,depth_rmse_mean,depth_rmse_sd,depth_rmse_seeds,depth_rmse_margin_vs_floor,depth_rmse_margin_pct,depth_absrel_mean,depth_absrel_sd,depth_absrel_seeds,depth_absrel_margin_vs_floor,depth_absrel_margin_pct
m1,1.0,3,5.589964230855306,0.03632884615751234,5.608975887298584 5.612842082977295 5.548074722290039,-0.2529443105061846,-4.739429761949216,57.43676884969076,1.5646482432700821,58.2900390625 58.38928985595703 55.630977630615234,-7.877206166585289,-15.89442226710886,0.8938088814417521,0.007719780717677435,0.9008735418319702 0.8855687975883484 0.8949843049049377,-0.12811807791392005,-16.732351665140914,1.70626699924469,0.13813599189244985,1.8384900093078613 1.7174171209335327 1.5628938674926758,0.27513837814331055,13.88602157252714
m2,1.0,3,5.604661782582601,0.011936157154416096,5.5914764404296875 5.607778549194336 5.614730358123779,-0.2676418622334795,-5.0148184984846695,57.92986933390299,0.5237200113881799,57.33690643310547 58.123497009277344 58.32920455932617,-8.370306650797524,-16.889387633056952,0.8906306028366089,0.015417009068119467,0.8991148471832275 0.8999419808387756 0.8728349804878235,-0.12493979930877686,-16.31726523723821,1.9117049376169841,0.18909468347473704,2.1103734970092773 1.733917474746704 1.8908238410949707,0.06970043977101636,3.517727395233952
m3,1.0,3,5.626514911651611,0.019758717688151337,5.603747367858887 5.6391777992248535 5.636619567871094,-0.28949499130249023,-5.424281633251857,58.506666819254555,0.9358951054319405,57.50346755981445 59.35625076293945 58.660282135009766,-8.947104136149086,-18.053234636792094,0.8994212746620178,0.010234707262933275,0.8880242705345154 0.9078272581100464 0.9024122953414917,-0.1337304711341858,-17.46533594474925,1.6491157213846843,0.10854608674312832,1.5972492694854736 1.7738652229309082 1.576232671737671,0.33228965600331617,16.770402452493546
m4,1.0,3,5.410557270050049,0.021894848481294,5.432863712310791 5.409709453582764 5.389098644256592,-0.07353734970092773,-1.377872872846937,50.700724283854164,0.3510807813410498,50.87056350708008 50.93458938598633 50.297019958496094,-1.1411616007486955,-2.302606276099587,0.9755557179450989,0.018104801192069277,0.9964604377746582 0.9652717113494873 0.9649350047111511,-0.20986491441726685,-27.408571900085317,1.715333342552185,0.14751723372588113,1.55076265335083 1.8356804847717285 1.7595568895339966,0.26607203483581543,13.428450223879299
m5,1.0,3,5.253134250640869,0.18450502197000268,5.455127716064453 5.09347677230835 5.210798263549805,0.08388566970825195,1.5717698445983048,47.77021408081055,4.644067316628943,53.092594146728516 44.54195785522461 45.676090240478516,1.7893486022949219,3.610501193758312,0.9622214436531067,0.01951073682002871,0.9475653171539307 0.9547317028045654 0.984367311000824,-0.19653064012527466,-25.667102075639725,1.5389391978581746,0.30998912120360284,1.8755532503128052 1.265221118927002 1.4760432243347168,0.4424661795298259,22.330926552400378
m6,1.0,3,5.557905038197835,0.05338728632480617,5.577493667602539 5.497490406036377 5.59873104095459,-0.2208851178487139,-4.138735120821222,55.899654388427734,2.021196502577353,56.822914123535156 53.581703186035156 57.29434585571289,-6.340091705322266,-12.792872580135905,0.8573240637779236,0.03827284512861832,0.8166506290435791 0.8626919984817505 0.8926295638084412,-0.09163326025009155,-11.967397261127061,1.6326195398966472,0.08033973305386805,1.7234432697296143 1.6035710573196411 1.570844292640686,0.3487858374913533,17.60295199920888
m6f,1.0,3,5.496237913767497,0.04595456221724903,5.451449871063232 5.493987560272217 5.543276309967041,-0.15921799341837595,-2.9832752321441722,53.779703776041664,1.7118970163381813,52.11947250366211 53.68067169189453 55.53896713256836,-4.2201410929361955,-8.515291226277938,0.8984847068786621,0.02266644089026511,0.8770933151245117 0.9222407937049866 0.896120011806488,-0.13279390335083008,-17.343019236877012,1.553019682566325,0.052069606669848535,1.4954502582550049 1.5667855739593506 1.5968232154846191,0.42838569482167554,21.62029535755059
m6f[frontend],1.0,3,5.589964389801025,0.0363289709278452,5.608976364135742 5.612842082977295 5.548074722290039,-0.2529444694519043,-4.739432740122843,57.43676884969076,1.5646482432700821,58.2900390625 58.38928985595703 55.630977630615234,-7.877206166585289,-15.89442226710886,0.8938088814417521,0.007719757982391806,0.9008734822273254 0.8855687975883484 0.8949843645095825,-0.12811807791392005,-16.732351665140914,1.7062669197718303,0.13813569219268151,1.8384896516799927 1.7174170017242432 1.5628941059112549,0.2751384576161702,13.886025583461022
m7,1.0,3,5.475241343180339,0.04714508958073096,5.528079986572266 5.437476634979248 5.460167407989502,-0.13822142283121774,-2.589861475019115,52.9513053894043,1.6822378391302077,54.73991012573242 51.40080642700195 52.713199615478516,-3.391742706298828,-6.843770450490781,0.8586605985959371,0.00898530673563075,0.8547638058662415 0.8522815108299255 0.8689364790916443,-0.0929697950681051,-12.14195007172053,1.7613126039505005,0.23636771431420944,1.6187355518341064 1.631048321723938 2.034153938293457,0.2200927734375,11.107912391337033
m7f,1.0,3,5.478422959645589,0.04610810840005151,5.531423568725586 5.447545528411865 5.456299781799316,-0.1414030392964678,-2.6494755763852935,53.00496292114258,1.660022096599929,54.90890884399414 52.24512481689453 51.86085510253906,-3.4454002380371094,-6.952039226148425,0.8878904581069946,0.038395890404963905,0.8685476183891296 0.9321109056472778 0.8630128502845764,-0.1221996545791626,-15.959399540407405,1.525503118832906,0.03640560766786059,1.5136224031448364 1.5663648843765259 1.496522068977356,0.4559022585550945,23.009035089835596
m7f[frontend],1.0,3,5.60466194152832,0.011936219413233142,5.5914764404296875 5.607779026031494 5.614730358123779,-0.2676420211791992,-5.014821476658296,57.92986806233724,0.5237221709143525,57.3369026184082 58.123497009277344 58.32920455932617,-8.370305379231773,-16.889385067324568,0.8906305829683939,0.015416992667420313,0.8991147875785828 0.8999419808387756 0.8728349804878235,-0.1249397794405619,-16.317262642429068,1.9117048581441243,0.18909455822988216,2.1103732585906982 1.733917474746704 1.8908238410949707,0.06970051924387621,3.5177314061678455
m8,1.0,3,5.577541669209798,0.09380969441582178,5.6818318367004395 5.500040531158447 5.550752639770508,-0.2405217488606768,-4.506667624447298,55.946154276529946,4.806175458750698,61.182273864746094 51.73542022705078 54.92076873779297,-6.386591593424477,-12.88669884813496,0.9816917578379313,0.009397077031150308,0.9921636581420898 0.9739941954612732 0.9789174199104309,-0.21600095431009925,-28.209944969287836,1.7239490350087483,0.05777228513192043,1.755071759223938 1.759487271308899 1.6572880744934082,0.2574563423792522,12.99362287583198
m1,0.25,3,5.724409580230713,0.06988583140682514,5.678595066070557 5.804847717285156 5.689785957336426,-0.3873896598815918,-7.258538766260605,62.965126037597656,2.5573210740640704,61.53266525268555 65.91763305664062 61.4450798034668,-13.405563354492188,-27.049397994510667,0.9955601294835409,0.06250647527233827,1.0198073387145996 0.9245628118515015 1.0423102378845215,-0.22986932595570886,-30.021168452933278,2.0503951708475747,0.22227111807375638,1.9193434715270996 1.9248096942901611 2.307032346725464,-0.06898979345957423,-3.4818616244254086
m2,0.25,3,5.702447414398193,0.01948955912741626,5.718685150146484 5.707822799682617 5.6808342933654785,-0.36542749404907227,-6.847032604389602,62.389993031819664,0.29030926661324513,62.60356521606445 62.5069694519043 62.059444427490234,-12.830430348714195,-25.88890953448224,0.9705336888631185,0.047356663081172874,1.0099639892578125 0.9180070757865906 0.9836300015449524,-0.2048428853352865,-26.752689779150607,1.7789180676142375,0.06770822289133105,1.7008298635482788 1.814633846282959 1.8212904930114746,0.20248730977376295,10.219378229441016
m5,0.25,3,5.738293965657552,0.061264058463844216,5.68061637878418 5.731660842895508 5.802604675292969,-0.4012740453084307,-7.518691166552388,61.8523203531901,1.0731353926985316,61.491546630859375 63.05935287475586 61.00606155395508,-12.292757670084633,-24.80400755084781,1.1865710417429607,0.14651463112475935,1.109012246131897 1.0951390266418457 1.3555618524551392,-0.42088023821512865,-54.967388438776005,1.2932226657867432,0.35890401347509393,1.0090974569320679 1.6965643167495728 1.1740062236785889,0.6881827116012573,34.732050263659744
m8[k1],1.0,3,5.769350687662761,0.08417938798333607,5.865704536437988 5.732269763946533 5.71007776260376,-0.4323307673136396,-8.100602466654438,57.52566655476888,4.0943089986204155,62.12092208862305 54.26570510864258 56.190372467041016,-7.966103871663414,-16.07379775039663,0.9795433282852173,0.009390414860956061,0.9892091155052185 0.9704549312591553 0.9789659380912781,-0.21385252475738525,-27.929357878151915,1.7621971368789673,0.04551123313624034,1.8116157054901123 1.7220079898834229 1.7529677152633667,0.2192082405090332,11.063270697185942
m8[k2],1.0,3,5.621027787526448,0.07992511280683459,5.713285446166992 5.577000617980957 5.5727972984313965,-0.2840078671773272,-5.321469123516946,56.01749801635742,4.591942222929529,61.117557525634766 52.2112922668457 54.7236442565918,-6.457935333251953,-13.03065439569228,0.9801101088523865,0.008815806508065056,0.9898996949195862 0.9727984070777893 0.9776322245597839,-0.21441930532455444,-28.00337999838084,1.7243882417678833,0.02502109114898574,1.7463809251785278 1.7296183109283447 1.6971654891967773,0.2570171356201172,12.971456449711042
m8[k3],1.0,3,5.586328347524007,0.08774177595176554,5.685941696166992 5.520505905151367 5.552537441253662,-0.24930842717488577,-4.6713040403749755,55.8172607421875,4.7803711189515345,61.05149459838867 51.68223571777344 54.71805191040039,-6.257698059082031,-12.626620818055038,0.9812568028767904,0.009063114821543579,0.9914354085922241 0.9740610718727112 0.9782739281654358,-0.21556599934895837,-28.15313940767773,1.7242611646652222,0.04247414330533353,1.750354290008545 1.7471786737442017 1.67525053024292,0.2571442127227783,12.977869932994743
m8[k4],1.0,3,5.577541669209798,0.09380969441582178,5.6818318367004395 5.500040531158447 5.550752639770508,-0.2405217488606768,-4.506667624447298,55.946154276529946,4.806175458750698,61.182273864746094 51.73542022705078 54.92076873779297,-6.386591593424477,-12.88669884813496,0.9816917578379313,0.009397077031150308,0.9921636581420898 0.9739941954612732 0.9789174199104309,-0.21600095431009925,-28.209944969287836,1.7239490350087483,0.05777228513192043,1.755071759223938 1.759487271308899 1.6572880744934082,0.2574563423792522,12.99362287583198
