arm,n_seeds,epe_mean,epe_sd,epe_seeds,epe_margin_vs_floor,epe_margin_pct,angular_deg_mean,angular_deg_sd,angular_deg_seeds,angular_deg_margin_vs_floor,angular_deg_margin_pct,depth_rmse_aligned_mean,depth_rmse_aligned_sd,depth_rmse_aligned_seeds,depth_rmse_aligned_margin_vs_floor,depth_rmse_aligned_margin_pct,depth_rmse_mean,depth_rmse_sd,depth_rmse_seeds,depth_rmse_margin_vs_floor,depth_rmse_margin_pct,depth_absrel_mean,depth_absrel_sd,depth_absrel_seeds,depth_absrel_margin_vs_floor,depth_absrel_margin_pct
m1,3,85.23668045909184,146.555998600014,0.5267437144030992 254.46493478313067 0.7183628797417694,-84.77119330985275,-18211.285413232727,23.241117933632037,6.0634386681507735,16.319213614199434 27.61350792825056 25.79063225844611,-10.124778847713857,-77.19210963815286,1.1829247137471375,0.29181557818841286,0.883432489905294 1.198937368496198 1.4664042828399204,-0.24674549609956897,-26.356651744480203,1.8970331817202768,0.13678242595263845,1.981742134071541 1.9701244810981593 1.7392329299911302,-0.3038540182058853,-19.07218128158381,0.9741732585147633,0.11491295647181822,0.9118967808986406 0.9038412168615467 1.1067817777841027,-0.1528450647355577,-18.60949933208386
m2,3,0.555310855565823,0.041748177604473954,0.518002695607997 0.6004032833319116 0.5475265877575604,-0.08982370632672482,-19.2967102257396,17.8683899414247,2.2368973012360853,15.8368761224641 20.26560377705448 17.50268992475552,-4.7520508555065195,-36.23000918456252,0.9013968573932013,0.024425388329292093,0.8855322319907828 0.9295240912546285 0.8891342489341925,0.034782360254367206,3.7153527442927365,1.9508208637625186,0.06601036232895156,1.8833929158945741 2.0153158678861676 1.9537538075068142,-0.35764170024812714,-22.448303896920535,0.9081364661000491,0.00929365078038566,0.8981207082257542 0.9164813182885709 0.9098073717858218,-0.08680827232084343,-10.569255137999043
m3,3,0.5744438512734958,0.06874243066327566,0.5444307756533837 0.6530894748906354 0.5258113032764684,-0.10895670203439761,-23.407026856166084,18.730306739458303,3.4797874105611446,17.26742998347973 22.70271937225324 16.220770862641942,-5.613967653540124,-42.801330590540545,0.9029168117268842,0.0077425964540566924,0.893977801080233 0.9075218395378747 0.907250794562545,0.0332624059206843,3.5529955476117157,1.9753762843542322,0.03887513963325454,1.9380084093518797 2.015601064918331 1.9725193787924853,-0.3821971208398407,-23.989588214093427,0.9109649569645324,0.008159527118706798,0.9021070761019498 0.9181744266204735 0.9126133681711738,-0.08963676318532676,-10.913635239145762
m4,3,0.6490859638799531,0.02145957438822438,0.6510072777457673 0.6267303367976041 0.6695202770964879,-0.18359881464085487,-39.44229501093037,21.77872688997417,0.7490157621613932,21.601168162253238 21.13444467004798 22.6005678376213,-8.66238780405599,-66.04272539245352,0.9249939758691816,0.03359211880573282,0.9622894047601869 0.9155776580534123 0.8971148647939459,0.011185241778386867,1.194775697594863,2.0372237212225146,0.0723575926402941,2.1183556781221546 2.0139443095204594 1.9793711760249293,-0.4440445577081231,-27.871602132217568,0.914206598078762,0.005729571836863991,0.9200087809855756 0.9140585047311837 0.9085525085195267,-0.0928784042995564,-11.308318039368867
m5,3,0.6645362347681621,0.021852068842369315,0.6888899566173211 0.6466422865815238 0.6580764611056416,-0.19904908552906392,-42.76145664911193,21.843642957293266,0.28457449519070854,21.561549113531733 22.130634871540778 21.838744886807284,-8.727303871375087,-66.5376505914276,1.0526866549227567,0.04047344896830307,1.0121164280268538 1.0528809100366046 1.0930626267048125,-0.1165074372751882,-12.444992911501295,2.4281934448802884,0.12016871598520101,2.493038163040962 2.502010872116233 2.289531299483671,-0.835014281365897,-52.4118253921888,0.946897444154112,0.009486136722166905,0.9552757546379063 0.9488189128565844 0.9365976649678455,-0.1255692503749064,-15.288559594809511
m6,3,0.8556787101363127,0.4075461595554957,1.325542128570901 0.64344387694097 0.5980501248970672,-0.39019156089721446,-83.824346501302,24.40021954930421,6.171986024340478,31.413904482969397 21.988630123148805 19.798124041794424,-11.283880463386032,-86.02919144946861,0.9369990664861395,0.04215643635361581,0.9011361864303443 0.9834358656876065 0.926425147340468,-0.0008198488385710023,-0.0875739199414316,1.9327535594563645,0.020687496607760494,1.945110097302151 1.9442800778873297 1.9088705031796132,-0.33957439594197303,-21.314262935306434,0.9022410111706817,0.0035140523369369876,0.9045672675417036 0.9039571124478814 0.8981986535224598,-0.08091281739147604,-9.851459867604095
m6f,3,1.4836535173099223,1.149731356248513,0.5856066045551961 1.085909001684433 2.779444945690138,-1.0181663680708242,-218.73135912240647,30.008823005713207,10.740537923057433,19.796470350953626 29.020736061970425 41.20926260421557,-16.892483919795026,-128.78962497951088,1.355988602918412,0.4337283679833559,0.8689221879246595 1.498551380425338 1.700492240405239,-0.41980938527084355,-44.842843908214576,1.85242868169112,0.1566499877593288,2.0203253975805766 1.8267661561600164 1.7101944913327667,-0.2592495181767285,-16.272464774448242,1.1148894773914668,0.1990280792457558,0.9152599014268038 1.11609797435552 1.313310556392077,-0.2935612836122612,-35.7422630607002
m7,3,0.6772172526280809,0.09902282835533147,0.6814783797560704 0.5761326460330469 0.7740407320951255,-0.21173010338898263,-45.48570325412509,23.29437434235058,3.956909817303105,24.02548971043397 19.022893202686138 26.834740113931623,-10.1780352564324,-77.59814068362743,0.9022669591888736,0.02025637721753559,0.8798079470168472 0.9191546802912742 0.9078382502584993,0.033912258458694944,3.6224109464755774,1.9165681077545467,0.06288855847030422,1.8930195758515493 1.8688522840239563 1.9878324633881346,-0.3233889442401552,-20.29834130687424,0.898859228112204,0.008559686724002284,0.8997660788337558 0.8898822205737473 0.9069293849291088,-0.07753103433299835,-9.43971422389047
m7f,3,1.0444056725124968,0.7502976640406348,1.9105106095947744 0.6298805657941123 0.5928258421486037,-0.5789185232733987,-124.36831483312038,24.186028882289634,6.305126318893657,31.406993879001615 21.38044779677917 19.770644971088114,-11.069689796371454,-84.39618497097237,0.9006540660409051,0.038110095040724455,0.8985899822830994 0.9397542575030702 0.8636179583365459,0.03552515160666336,3.794695602828161,1.9863615318300258,0.0694613786522188,2.019554918967176 2.032998788098855 1.9065308884240464,-0.39318236831563436,-24.679105609711467,0.9106647548344058,0.0061004288762539945,0.9157923195645908 0.9122838294388442 0.9039181154997821,-0.08933656105520016,-10.877084426401188
m8,3,1.6702868848229633,0.480790248754464,1.230649114540245 1.5965104081089123 2.1837011318197326,-1.204799735583865,-258.825563187571,40.21233352770261,4.512403977605597,35.401833652687664 44.35139656686542 40.88377036355477,-27.095994441784434,-206.581991089838,0.9268766846591006,0.01153080087853987,0.9374122832813352 0.9145583364222675 0.9286594342736989,0.009302532988467949,0.9936701021673346,2.0480954943228733,0.034212458457000244,2.080424342079945 2.0122682497998565 2.0515938910888183,-0.4549163308084818,-28.55399701594029,0.9166700706038623,0.007967808647214499,0.9246174710087408 0.9086820093386848 0.9167107314641613,-0.09534187682465667,-11.608255694469323
K1,3,0.622573451598032,0.06625647284305003,0.6095462676048579 0.5637981505766805 0.6943759366125575,-0.15708630235893378,-33.74664641456002,21.056379000013592,3.1487974916979202,20.416659595859173 18.276562113044076 24.47591529113753,-7.940039914095413,-60.53548831030079,0.9488105333666798,0.017427838341830326,0.9297039249345931 0.9528927604551224 0.9638349147103239,-0.012631315719111247,-1.3492412009370622,2.14968676392815,0.18330140211089116,2.2446391613148062 1.9383892122654562 2.2660319182041877,-0.5565076004137586,-34.93063511991704,0.9281070590178052,0.022583159066757875,0.9408787648314899 0.9020320791269901 0.9414103330949359,-0.10677886523859959,-13.000754880612869
noEPE,3,0.6467230927848346,0.040442401063168786,0.603847743540368 0.6521337238828256 0.6841878109313102,-0.1812359435457364,-38.934682480921566,22.54857895071707,1.9655238089016402,20.44128945156252 22.872304479815853 24.33214292077284,-9.43223986479889,-71.91213800598848,0.9234926255665252,0.04050653291688263,0.8817312617152567 0.9261313071657704 0.9626153078185483,0.01268659208104328,1.3551456646220104,2.095696298379236,0.12331502317365062,2.0597715731656927 1.9943328233435824 2.2329844986284337,-0.5025171348648447,-31.541784274679,0.9246575160540572,0.010952117416469146,0.9238889865727582 0.9141099054875417 0.935973656101872,-0.10332932227485159,-12.580759196807653
noSI,3,0.6553353244950224,0.06507453507175162,0.730055612959551 0.61109375718044 0.6248566033450763,-0.18984817525592418,-40.7848370392731,22.374323677478348,2.378554420367203,25.111470363416156 20.80942879877503 21.20207187024386,-9.257984591560168,-70.5836021081494,0.932255465888136,0.021457037652229373,0.9080586962741332 0.9397395555166366 0.9489681458736385,0.003923751759432492,0.4191239973572685,2.2303817635825713,0.04267193726398384,2.234627454120196 2.270772149357229 2.18574568727029,-0.6372026000681799,-39.995664935924445,0.9449733454526167,0.003938162070301761,0.9474573483472979 0.9470300434014585 0.9404326446090935,-0.12364515167341106,-15.054292864887344
oursL,3,0.8090767141507315,0.04820527701131746,0.8636082133250141 0.7721421781820553 0.7914797509451247,-0.3435895649116332,-73.81290019998983,24.02473877309001,2.2355950299508383,26.208039289314236 24.125893729517212 21.74028330043859,-10.908399687171832,-83.16649650269555,1.0713358279243048,0.13124739978182196,1.0227927465958861 0.9712749235436013 1.2199398136334272,-0.1351566102767363,-14.437044502692325,2.16274511110012,0.12020946550834863,2.2334756217459493 2.23081201589019 2.023947695664221,-0.5695659475857284,-35.75027596578176,0.9399817974015571,0.04541901683392763,0.9018493325480772 0.92786592865937 0.9902301309972239,-0.11865360362235144,-14.4465518803618
oursS,3,0.5901873381170444,0.014519319535257615,0.6058337480349691 0.5875797857804401 0.5771484805357238,-0.12470018887794615,-26.789179697395618,19.652758590358477,0.7534668574145776,20.419610863285836 19.625233421653814 18.913431486135778,-6.536419504440298,-49.83417599700405,0.93915824520036,0.011716238390540552,0.9298332381148089 0.9353323199035448 0.952309177582726,-0.0029790275527914467,-0.31821124594894856,1.9974273827511368,0.06825143873131756,2.068895477550421 1.9904595039913262 1.9329271667116636,-0.40424821923674537,-25.373682288501364,0.9134243859645436,0.009561594337874688,0.9217124495789011 0.915597401523449 0.9029633067912808,-0.09209619218533793,-11.21308057885759
m1_f0.25,3,5.820461345488936,8.241966844828355,1.5067818872033696 0.6305912927209262 15.324010856542511,-5.354974196249838,-1150.4021550333382,34.27972761261916,10.929150782344998,40.658096620325736 21.66007952395847 40.52100669357327,-21.163388526700984,-161.35133735161048,7887.183880578236,13479.428818065446,23451.422245889324 0.832542965330833 209.29685288005695,-7886.2477013605885,-842386.5380367185,4344.829396256619,7424.030064626731,12917.111156583958 2.0187123965248883 115.35831978937368,-4343.236217093104,-272614.42507899523,0.8944415231117291,0.021255838442876766,0.9007204901764123 0.9118505577099034 0.8707535214488714,-0.07311332933252346,-8.901840931102655
m2_f0.25,3,0.9073126692943956,0.28876577251978996,1.1556397399439977 0.9758559601743031 0.590442307764886,-0.44182552005529735,-94.91680291873169,30.55594259985773,9.982828204293634,38.46948682133238 33.85787025888044 19.340470719360376,-17.439603513939552,-132.9609077632254,1.0272096651942908,0.284120921079576,0.8718031625439084 0.8546903915630161 1.3551354414759478,-0.09103044754672229,-9.723613367049916,2.122225604813576,0.37276478005945424,1.9302311149443803 1.8845955604751385 2.5518501390212096,-0.5290464412991844,-33.20696462864614,0.8980173614400727,0.025437500911916818,0.8896652902597519 0.8778059282625871 0.9265808657978791,-0.07668916766086709,-9.337213581819782
m5_f0.25,3,1.1890529120308821,0.1366926012573654,1.1875909327172807 1.0530971642152052 1.3264706391601606,-0.723565762791784,-155.4426935253852,34.29766273237465,1.1369597257622577,35.35064276071922 33.092127643898756 34.45021779250596,-21.18132364645647,-161.48807611414173,0.987098476625292,0.015856693105151858,0.9718233684513639 0.9859931468095002 1.0034789146150118,-0.050919258977723536,-5.439050346115723,2.654016975432341,0.018533623311674182,2.662199545968424 2.6670510908202125 2.632800289508386,-1.0608378119179496,-66.58622182691927,0.9664417341112781,0.0030540922251761286,0.9630758201387999 0.9690359795629815 0.9672134026320529,-0.14511354033207247,-17.66815524307726
